_id,品名,ゴミの種類,出し方の注意点
1,ＩＨクッキングヒーター,燃やせないごみ,指定袋に入らないものは、清掃センターに持ち込むか、収集運搬許可業者に依頼して下さい。
2,ＩＣレコーダー,リサイクル,小型家電回収。一関市や平泉町の公共施設や清掃センターに設置している回収ボックスに持ち込んでください。（燃やせないごみとして集積所に出すこともできます。）
3,アイスの棒,燃やすごみ,
4,アイスの容器（紙）,燃やすごみ,
5,アイスの容器（プラスチック）,リサイクル,プラスチック製容器包装。プラマークの表示があることを確認して下さい。プラマークの表示がないもの、汚れが取れないものは燃やすごみへ。
6,アイスピック,燃やせないごみ,紙などに包み、外からわかるように“刃物”と表示して下さい。
7,アイロン,燃やせないごみ,
8,アイロン台,燃やせないごみ,指定袋に入らないものは、清掃センターに持ち込むか、収集運搬許可業者に依頼して下さい。
9,空きびん,リサイクル,びん。すすいでから出して下さい。油の入ったびんや、汚れが取れないものは燃やせないごみへ。ラベルは、はがさなくても可。
10,アクセサリー（金属）,燃やせないごみ,
11,アクリル板,燃やせないごみ,指定袋に入らないものは、清掃センターに持ち込むか、収集運搬許可業者に依頼して下さい。
12,アコーディオンカーテン,粗大ごみ,清掃センターに持ち込むか、収集運搬許可業者に依頼して下さい。
13,足のマッサージ機（フットマッサージ機）,燃やせないごみ,指定袋に入らないものは、清掃センターに持ち込むか、収集運搬許可業者に依頼して下さい。
14,足ふきマット（布）,燃やすごみ,50cm角以下に切って出して下さい。
15,足ふきマット（布以外）,燃やせないごみ,指定袋に入らないものは、清掃センターに持ち込むか、収集運搬許可業者に依頼して下さい。
16,アタッシュケース,燃やせないごみ,指定袋に入らないものは、清掃センターに持ち込むか、収集運搬許可業者に依頼して下さい。
17,アダプター（電源用）,リサイクル,小型家電回収。一関市や平泉町の公共施設や清掃センターに設置している回収ボックスに持ち込んでください。（燃やせないごみとして集積所に出すこともできます。）
18,厚紙,リサイクル,紙類
19,厚紙（コーティングあり）,燃やすごみ,
20,圧力鍋,燃やせないごみ,
21,油（燃料用）,その他,受付しません。取扱店に処理を依頼して下さい。
22,油（食用）,燃やすごみ,新聞紙や布に染みこませたり、凝固剤に固めるなど処理してから出して下さい。
23,油こし器,燃やせないごみ,
24,油さし,燃やせないごみ,必ず使い切って出して下さい。
25,油（食用）の缶（金属）,燃やせないごみ,すすいでも油分が取れないので、燃やせないごみに出して下さい
26,油のびん（ガラス）,燃やせないごみ,すすいでも油分が取れないので、燃やせないごみに出して下さい。
27,油の容器（プラスチック）,燃やすごみ,汚れが取れないものはリサイクルに適さないため、燃やすごみに出して下さい。
28,雨ガッパ,燃やすごみ,
29,雨戸,粗大ごみ,清掃センターに持ち込むか、収集運搬許可業者に依頼して下さい。
30,雨どい,燃やせないごみ,指定袋に入らないものは、2m以下に切って清掃センターに持ち込むか、収集運搬許可業者に依頼して下さい。
31,網（虫・魚取り用）,燃やすごみ,
32,網（ミカン・玉ねぎ等のネット）,リサイクル,プラスチック製容器包装。プラマークの表示があることを確認して下さい。プラマークの表示がないもの、汚れが取れないものは燃やすごみへ。
33,網戸,粗大ごみ,清掃センターに持ち込むか、収集運搬許可業者に依頼して下さい。
34,網戸の網,燃やすごみ,
35,飴などの個包装（紙）,燃やすごみ,
36,飴などの個包装（プラスチック）,リサイクル,プラスチック製容器包装。プラマークの表示があることを確認して下さい。プラマークの表示がないもの、汚れが取れないものは燃やすごみへ。
37,アルバム（写真）,燃やすごみ,金属部分が取り外せないものは燃やせないごみに出して下さい。
38,アルミサッシ,粗大ごみ,清掃センターに持ち込むか、収集運搬許可業者に依頼して下さい。
39,アルミシート（レジャーシート）,燃やすごみ,
40,アルミ箔,燃やすごみ,
41,アルミ箔のなべ（うどん・グラタン等）【一関・花泉・平泉の地域】,燃やすごみ,
42,アルミ箔のなべ（うどん・グラタン等）【大東・千厩・東山・室根・川崎・藤沢の地域】,燃やせないごみ,
43,アルミホイル,燃やすごみ,
44,泡立て器,燃やせないごみ,
45,あんか,燃やせないごみ,石綿が入っているものは集積所に出せません。清掃センターに持ち込みしてください。
46,安全靴,燃やせないごみ,中に金属が入っているので燃やすごみには出せません。
47,安全ピン,燃やせないごみ,
48,アンテナ（屋外・屋内用）,燃やせないごみ,指定袋に入らないものは、清掃センターに持ち込むか、収集運搬許可業者に依頼して下さい。
49,アンテナケーブル,燃やせないごみ,
50,アンプ,リサイクル,小型家電回収。一関市や平泉町の公共施設や清掃センターに設置している回収ボックスに持ち込んでください。（燃やせないごみとして集積所に出すこともできます。）
51,イオン発生器,燃やせないごみ,指定袋に入らないものは、清掃センターに持ち込むか、収集運搬許可業者に依頼して下さい。
52,石、土、砂（土砂類）,その他,家庭からの廃棄物としての処分の対象とはなりませんので、受付できません。
53,衣装ケース,粗大ごみ,清掃センターに持ち込むか、収集運搬許可業者に依頼して下さい。
54,ハンドスコップ・ハンドシャベル（移植ゴテ）,燃やせないごみ,
55,椅子（ソファー除く）,粗大ごみ,清掃センターに持ち込むか、収集運搬許可業者に依頼して下さい。
56,板（木）,燃やすごみ,50cm角以下に切って出して下さい。
57,板ガラス（危険ごみ）,燃やせないごみ,陶器・ガラスは紙など包み「陶器」や「ガラス」などと外からわかるように表示すること。
58,いちご等のパック,リサイクル,プラスチック製容器包装。プラマークの表示があることを確認して下さい。プラマークの表示がないもの、汚れが取れないものは燃やすごみへ。
59,一輪車（作業用）,粗大ごみ,清掃センターに持ち込むか、収集運搬許可業者に依頼して下さい。
60,一輪車（乗用）,粗大ごみ,清掃センターに持ち込むか、収集運搬許可業者に依頼して下さい。
61,一輪車タイヤ（農耕用）,燃やせないごみ,家庭園芸用のみ。農業で使用しているものは事業系ごみのため受付しません。
62,一輪車（運搬用）のタイヤ,燃やせないごみ,
63,一升びん,リサイクル,びん。すすいでから出して下さい。油の入ったびんや、汚れが取れないものは燃やせないごみへ。ラベルは、はがさなくても可。
64,一斗缶（油・塗料等）,燃やせないごみ,
65,井戸ポンプ（家庭用）,その他,収集しません。清掃センターに持ち込むか、収集運搬許可業者に依頼して下さい。
66,犬の死体,その他,収集しません。清掃センターに持ち込むか、収集運搬許可業者に依頼して下さい。
67,犬・猫のトイレ用砂（高分子ポリマー）,燃やすごみ,汚物は取り除いてから出して下さい。素材が、土、砂のものは清掃センターに持ち込みして下さい。
68,鋳物製品（鉄器・鉄瓶など）,その他,収集しません。清掃センターに持ち込むか、収集運搬許可業者に依頼して下さい。
69,衣類【一関・花泉・平泉の地域】,燃やすごみ,
70,衣類【大東・千厩・東山・室根・川崎・藤沢の地域】,燃やすごみ,
71,衣類乾燥機,その他,家電リサイクル法対象機器です。受付しません。分解しても収集できません。
72,入れ歯,燃やすごみ,
73,色鉛筆のケース（金属）,燃やせないごみ,
74,色紙,リサイクル,紙類
75,印鑑・ハンコ（金具なし）,燃やすごみ,ただし、水晶などの鉱物でできているものは、金具が付いていなくても燃やせないごみに出して下さい。
76,印鑑・ハンコ（金具つき・水晶）,燃やせないごみ,
77,インクリボン,燃やすごみ,
78,インクリボンカートリッジ,燃やすごみ,
79,インクカートリッジ,燃やせないごみ,電気店などに設置の回収箱を利用して下さい。
80,インスタントカメラ,燃やせないごみ,インスタントフィルムは燃やすごみに出して下さい。
81,インスタントラーメンの外袋（プラスチック）,リサイクル,プラスチック製容器包装。プラマークの表示があることを確認して下さい。プラマークの表示がないもの、汚れが取れないものは燃やすごみへ。
82,インスタントラーメンのたれ・かやく袋（プラスチック）,燃やすごみ,
83,充電式インパクトドライバー,燃やせないごみ,
84,飲料・乳製品などの外装フィルム（プラスチック）,リサイクル,プラスチック製容器包装。プラマークの表示があることを確認して下さい。プラマークの表示がないもの、汚れが取れないものは燃やすごみへ。
85,ウインドファン,粗大ごみ,清掃センターに持ち込むか、収集運搬許可業者に依頼して下さい。
86,植木の枝（枝木）【一関・花泉・平泉の地域】,燃やすごみ,太さ5cm以下、長さ50cm以下にして束ねて下さい。（指定のごみ袋に入れなくて良い）清掃センターへ持ち込みする場合は、太さ20cm以下、長さは2m以下にして下さい。
87,植木の枝（枝木）【大東・千厩・東山・室根・川崎・藤沢の地域】,燃やすごみ,太さ10cm以下、長さ30cm以下にして指定のごみ袋に入れてください。束ねないでください。清掃センターへ持ち込みする場合は指定の袋に入れる必要なし。
88,枝木【一関・花泉・平泉の地域】,燃やすごみ,太さ5cm以下、長さ50cm以下にして束ねて下さい。（指定のごみ袋に入れなくて良い）清掃センターへ持ち込みする場合は、太さ20cm以下、長さは2m以下にして下さい。
89,枝木【大東・千厩・東山・室根・川崎・藤沢の地域】,燃やすごみ,太さ10cm以下、長さ30cm以下にして指定のごみ袋に入れてください。束ねないでください。清掃センターへ持ち込みする場合は指定の袋に入れる必要なし。
90,植木鉢（陶器）,燃やせないごみ,
91,植木鉢（プラスチック）,燃やせないごみ,
92,植木用支柱,燃やせないごみ,指定袋に入らないものは、切って清掃センターに持ち込む（長さについては清掃センターに確認）か、収集運搬許可業者に依頼して下さい。
93,ウォッシャー液の容器（プラスチック）,リサイクル,プラスチック製容器包装。プラマークの表示があることを確認して下さい。プラマークの表示がないもの、汚れが取れないものは燃やすごみへ。
94,ウォッシュレット簡易便座,燃やせないごみ,必ず洗ってきれいにしてから出して下さい。指定袋に入らないものは、清掃センターに持ち込むか、収集運搬許可業者に依頼して下さい。
95,ウォーキングマシーン,粗大ごみ,清掃センターに持ち込むか、収集運搬許可業者に依頼して下さい。
96,浮き輪（プラスチック）【一関・花泉・平泉の地域】,燃やすごみ,
97,浮き輪（プラスチック）【大東・千厩・東山・室根・川崎・藤沢の地域】,燃やすごみ,50cm角以下に切って出してください。
98,臼（木）【一関・花泉・平泉の地域】,その他,受付しません。ただし、20cm角以下の大きさのものは、清掃センターへ持ち込みできます。
99,臼（木）【大東・千厩・東山・室根・川崎・藤沢の地域】,その他,受付しません。ただし、30cm角以下の大きさのものは、清掃センターへ持ち込みできます。
100,うちわ（竹・プラスチック）,燃やすごみ,
101,ウッドクラフト【一関・花泉・平泉の地域】,燃やすごみ,20cm角以下にして出して下さい。
102,ウッドクラフト【大東・千厩・東山・室根・川崎・藤沢の地域】,燃やすごみ,50cm角以下にして出して下さい。
103,器（皿）使い捨て用,燃やすごみ,
104,器（皿）使い捨て用以外,燃やせないごみ,陶器、ガラス製品は紙などに包み、外からわかるように材質を表示して下さい（“ガラス”など）。
105,腕時計,燃やせないごみ,
106,乳母車（ベビーカー）,粗大ごみ,清掃センターに持ち込むか、収集運搬許可業者に依頼して下さい。
107,裏カーボン紙,燃やすごみ,
108,ウレタン（梱包材）,燃やすごみ,
109,ウレタンマット（寝具用）,粗大ごみ,清掃センターに持ち込むか、収集運搬許可業者に依頼して下さい。
110,ウレタンマット（浴室用）,燃やすごみ,
111,運動靴,燃やすごみ,
112,エアコン,その他,家電リサイクル法対象機器です。受付しません。分解しても収集できません。
113,エアゾール缶（スプレー缶）【一関・花泉・平泉の地域】,リサイクル,使い切って穴を開けガスを抜いて下さい。プラマークの表示があるキャップはプラスチック製容器包装に出して下さい。
114,エアゾール缶（スプレー缶）【大東・千厩・東山・室根・川崎・藤沢の地域】,燃やせないごみ,使い切って穴を開けガスを抜いて下さい。マークの表示があるキャップはプラスチック製容器包装に出して下さい。
115,エアゾール（スプレー缶）式消火器【大東・千厩・東山・室根・川崎・藤沢の地域】,燃やせないごみ,"使い切って穴を開けガスを抜いて下さい。プラマークの表示があるキャップはプラスチック製容器包装に出して下さい。
※スプレー缶の噴射口（ボタン）は無理にはずす必要はありません。"
116,エアゾール式簡易消火具【一関・花泉・平泉の地域】,リサイクル,使い切って穴を開けガスを抜いて下さい。プラマークの表示があるキャップはプラスチック製容器包装に出して下さい。
117,エアゾール式簡易消火具【大東・千厩・東山・室根・川崎・藤沢の地域】,燃やせないごみ,使い切って穴を開けガスを抜いて下さい。プラマークの表示があるキャップはプラスチック製容器包装に出して下さい。※スプレー缶の噴射口（ボタン）は無理にはずす必要はありません。
118,スプレー式消火器【一関・花泉・平泉の地域】,リサイクル,使い切って穴を開けガスを抜いて下さい。プラマークの表示があるキャップはプラスチック製容器包装に出して下さい。※スプレー缶の噴射口（ボタン）は無理にはずす必要はありません。
119,スプレー式消火器【大東・千厩・東山・室根・川崎・藤沢の地域】,燃やせないごみ,使い切って穴を開けガスを抜いて下さい。プラマークの表示があるキャップはプラスチック製容器包装に出して下さい。※スプレー缶の噴射口（ボタン）は無理にはずす必要はありません。
120,エアゾール（スプレー缶）式消火器【一関・花泉・平泉の地域】,リサイクル,使い切って穴を開けガスを抜いて下さい。プラマークの表示があるキャップはプラスチック製容器包装に出して下さい。
121,エアロバイク,粗大ごみ,清掃センターに持ち込むか、収集運搬許可業者に依頼して下さい。
122,栄養ドリンクのびん,リサイクル,びん。すすいでから出して下さい。油の入ったびんや、汚れが取れないものは燃やせないごみへ。ラベルは、はがさなくても可。
123,栄養ドリンクのびんの蓋（金属）,燃やせないごみ,
124,栄養ドリンクのびんの蓋（プラスチック）,リサイクル,プラスチック製容器包装。プラマークの表示があることを確認して下さい。プラマークの表示がないもの、汚れが取れないものは燃やすごみへ。
125,液晶テレビ,その他,家電リサイクル法対象機器です。受付しません。分解しても収集できません。
126,エキスパンダー,燃やせないごみ,
127,液体洗剤の容器,リサイクル,ポンプ部分は取り外した状態で一緒に出せます。プラマークの表示があることを確認してください。表示がないもの、汚れが取れないものは燃やすごみに出してください。
128,枝切りばさみ（危険ごみ）,燃やせないごみ,紙などに包み、外からわかるように“刃物”と表示して下さい。指定袋に入らないものは、清掃センターに持ち込みして下さい。
129,絵の具（中身・チューブ）,燃やすごみ,
130,絵の具（金属製）,燃やせないごみ,属製のものは、使い切って燃やせないごみに出して下さい。
131,絵の具の箱（プラスチック）,燃やせないごみ,
132,絵の具の箱（紙）,リサイクル,紙類
133,エプロン,燃やすごみ,
134,MDプレーヤー,リサイクル,小型家電回収。一関市や平泉町の公共施設や清掃センターに設置している回収ボックスに持ち込んでください。（燃やせないごみとして集積所に出すこともできます。）
135,LDプレーヤー,リサイクル,小型家電回収。一関市や平泉町の公共施設や清掃センターに設置している回収ボックスに持ち込んでください。（燃やせないごみとして集積所に出すこともできます。）
136,MD・MO・LD,燃やせないごみ,
137,LEDランプ・LED電球,燃やせないごみ,購入時のケースに入れるか、紙に包んで出して下さい。
138,エレクトーン,粗大ごみ,清掃センターに持ち込むか、収集運搬許可業者に依頼して下さい。
139,園芸用支柱,燃やせないごみ,
140,エンジンオイル,その他,受付しません
141,延長コード,燃やせないごみ,
142,延長コード（ドラムタイプ）,燃やせないごみ,
143,塩ビ管,燃やせないごみ,
144,鉛筆,燃やすごみ,
145,鉛筆削り器,燃やせないごみ,
146,オイル・廃油（自動車・機械等）,その他,受付しません
147,オイル缶,燃やせないごみ,
148,オイルガード,燃やせないごみ,
149,オイルヒーター,その他,受付しません
150,応接ソファー（スプリング無）,粗大ごみ,清掃センターに持ち込むか、収集運搬許可業者に依頼して下さい。
151,応接ソファー（スプリング有）,その他,受付しません
152,応接テーブル,粗大ごみ,清掃センターに持ち込むか、収集運搬許可業者に依頼して下さい。
153,桶（木）,燃やすごみ,
154,桶（プラスチック）,燃やせないごみ,
155,おしゃぶり,燃やすごみ,
156,落ち葉・枯れ葉,燃やすごみ,
157,お手拭きの袋,リサイクル,プラスチック製容器包装。プラマークの表示があることを確認して下さい。プラマークの表示がないもの、汚れが取れないものは燃やすごみへ。
158,おにぎりの外装フィルム,リサイクル,プラスチック製容器包装。プラマークの表示があることを確認して下さい。プラマークの表示がないもの、汚れが取れないものは燃やすごみへ。
159,斧（鉄塊類）,その他,受付しません
160,帯【一関・花泉・平泉の地域】,燃やすごみ,
161,帯【大東・千厩・東山・室根・川崎・藤沢の地域】,燃やすごみ,
162,おぼん（木）,燃やすごみ,
163,おぼん（木以外）,燃やせないごみ,
164,おまる（便器）,燃やせないごみ,
165,おむつ（紙・布）,燃やすごみ,
166,おもちゃ（紙・木・ゴムの製品）,燃やすごみ,
167,おもちゃ（紙・木・ゴムの以外の製品）,燃やせないごみ,
168,オルガン,粗大ごみ,清掃センターに持ち込むか、収集運搬許可業者に依頼して下さい。
169,おろし金・おろし器（金属・プラスチック）,燃やせないごみ,
170,おわん（木）,燃やすごみ,
171,おわん（金属・プラスチック）,燃やせないごみ,
172,温度計（水銀あり）,その他,収集しません。清掃センターに持ち込むか、収集運搬許可業者に依頼して下さい。
173,温度計（水銀なし）,燃やせないごみ,
174,温度計（電子）,リサイクル,小型家電回収。一関市や平泉町の公共施設や清掃センターに設置している回収ボックスに持ち込んでください。（燃やせないごみとして集積所に出すこともできます。）
175,オーディオ機器,粗大ごみ,清掃センターに持ち込むか、収集運搬許可業者に依頼して下さい。
176,オーディオラック,粗大ごみ,清掃センターに持ち込むか、収集運搬許可業者に依頼して下さい。
177,オートバイ（排気量50ｃｃ以下）,粗大ごみ,清掃センターに持ち込むか、収集運搬許可業者に依頼して下さい。
178,オートバイ（排気量50ｃｃより大きいもの）,その他,受付しません
179,オートバイのタイヤ（バイク排気量50ccより大きいもの）,その他,受付しません
180,オートバイのタイヤ（バイク排気量50cc以下）,その他,収集しません。清掃センターに持ち込むか、収集運搬許可業者に依頼して下さい。
181,オードブルの容器（アルミ）【一関・花泉・平泉の地域】,燃やすごみ,
182,オードブルの容器（アルミ）【大東・千厩・東山・室根・川崎・藤沢の地域】,燃やせないごみ,
183,オードブルの容器（プラスチック）,リサイクル,プラスチック製容器包装。プラマークの表示があることを確認して下さい。プラマークの表示がないもの、汚れが取れないものは燃やすごみへ。
184,オーブントースター,燃やせないごみ,
185,オーブンレンジ,燃やせないごみ,
186,懐中電灯（電池除く）,燃やせないごみ,
187,貝類,燃やすごみ,
188,カイロ（使い捨てカイロ）,燃やすごみ,
189,鏡（ガラス）,燃やせないごみ,
190,家具,粗大ごみ,清掃センターに持ち込むか、収集運搬許可業者に依頼して下さい。
191,家具（指定袋に入る場合）,燃やせないごみ,
192,かご（竹・木製）,燃やすごみ,
193,かご（金属・プラスチック）,燃やせないごみ,
194,傘,燃やせないごみ,
195,傘立て,燃やせないごみ,
196,加湿器,燃やせないごみ,
197,菓子の箱・袋（紙）,リサイクル,紙類
198,菓子の箱・袋（プラスチック）,リサイクル,プラスチック製容器包装。プラマークの表示があることを確認して下さい。プラマークの表示がないもの、汚れが取れないものは燃やすごみへ。
199,菓子の箱・袋（金属・小）,リサイクル,
200,菓子の箱・袋（金属・大）,燃やせないごみ,
201,カセットボンベ（カセットガス）【一関・花泉・平泉の地域】,リサイクル,
202,カセットボンベ（カセットガス）穴を空ける【大東・千厩・東山・室根・川崎・藤沢の地域】,燃やせないごみ,
203,カセットコンロ（ボンベ除く）,リサイクル,小型家電回収。一関市や平泉町の公共施設や清掃センターに設置している回収ボックスに持ち込んでください。（燃やせないごみとして集積所に出すこともできます。）
204,カセットテープ,燃やすごみ,
205,カセットデッキ,リサイクル,小型家電回収。一関市や平泉町の公共施設や清掃センターに設置している回収ボックスに持ち込んでください。（燃やせないごみとして集積所に出すこともできます。）
206,カタログ類,リサイクル,紙類
207,カッター,燃やせないごみ,
208,カップ酒（ワンカップ）（ガラス）,リサイクル,びん。すすいでから出して下さい。油の入ったびんや、汚れが取れないものは燃やせないごみへ。ラベルは、はがさなくても可。
209,カップ麺の外装フィルム（プラスチック）,リサイクル,プラスチック製容器包装。プラマークの表示があることを確認して下さい。プラマークの表示がないもの、汚れが取れないものは燃やすごみへ。
210,カップ麺のたれ・かやく袋（プラスチック）,燃やすごみ,
211,カップ麺の容器・ふた（紙）,燃やすごみ,
212,カップ麺の容器・ふた（プラスチック）,リサイクル,プラスチック製容器包装。プラマークの表示があることを確認して下さい。プラマークの表示がないもの、汚れが取れないものは燃やすごみへ。
213,かつら（つけ毛）,燃やすごみ,
214,家庭用ゲーム機,リサイクル,小型家電回収。一関市や平泉町の公共施設や清掃センターに設置している回収ボックスに持ち込んでください。（燃やせないごみとして集積所に出すこともできます。）
215,家庭用ゲームソフト,リサイクル,小型家電回収。一関市や平泉町の公共施設や清掃センターに設置している回収ボックスに持ち込んでください。（燃やせないごみとして集積所に出すこともできます。）
216,蚊取り器（電気式）,燃やせないごみ,
217,蚊取り線香,燃やすごみ,
218,金網,燃やせないごみ,
219,金槌、ハンマー,その他,収集しません。清掃センターに持ち込むか、収集運搬許可業者に依頼して下さい。
220,加熱式たばこ機器,その他,受付しません
221,カバン、バッグ,燃やせないごみ,
222,花瓶,燃やせないごみ,
223,鎌（危険ごみ）,燃やせないごみ,
224,紙コップ、紙皿,燃やすごみ,
225,カミソリ（危険ごみ）,燃やせないごみ,
226,神棚,粗大ごみ,清掃センターに持ち込むか、収集運搬許可業者に依頼して下さい。
227,紙粘土,燃やすごみ,
228,紙パック（中が白色のもの）,リサイクル,紙類
229,紙パック（中が銀色のもの）,燃やすごみ,
230,紙袋（手提げ袋）,リサイクル,紙類
231,紙やすり,燃やすごみ,
232,デジタルカメラ,リサイクル,小型家電回収。一関市や平泉町の公共施設や清掃センターに設置している回収ボックスに持ち込んでください。（燃やせないごみとして集積所に出すこともできます。）
233,ビデオカメラ,リサイクル,小型家電回収。一関市や平泉町の公共施設や清掃センターに設置している回収ボックスに持ち込んでください。（燃やせないごみとして集積所に出すこともできます。）
234,フィルムカメラ,リサイクル,小型家電回収。一関市や平泉町の公共施設や清掃センターに設置している回収ボックスに持ち込んでください。（燃やせないごみとして集積所に出すこともできます。）
235,使い捨てカメラ,燃やせないごみ,
236,火薬,その他,受付しません
237,カラーボックス（木）,燃やすごみ,
238,カラーボックス（木以外）,燃やせないごみ,
239,軽石,燃やせないごみ,
240,カレンダー（金属部分を除く）,リサイクル,紙類
241,革靴,燃やすごみ,
242,皮むき器（ピーラー）,燃やせないごみ,
243,屋根瓦,その他,受付しません
244,缶（燃料油・塗料の入っていたもの）,燃やせないごみ,
245,缶（蓋を除く）,リサイクル,
246,缶（食用油）,燃やせないごみ,
247,換気扇,燃やせないごみ,
248,換気扇のフィルター（プラスチック）,燃やせないごみ,
249,換気扇のフィルター（プラ以外）,燃やすごみ,
250,缶切り,燃やせないごみ,
251,緩衝材（紙）,燃やすごみ,
252,緩衝材（プラスチック）,リサイクル,プラスチック製容器包装。プラマークの表示があることを確認して下さい。プラマークの表示がないもの、汚れが取れないものは燃やすごみへ。
253,乾燥剤（シリカゲル）,燃やすごみ,
254,缶詰（蓋を除く）,リサイクル,
255,乾電池（アルカリ・マンガン）,燃やせないごみ,
256,乾電池（ボタン・充電式）,その他,受付しません
257,感熱紙（ワープロ紙・ファックス紙）,燃やすごみ,
258,缶の蓋,燃やせないごみ,
259,カーオーディオ,リサイクル,小型家電回収。一関市や平泉町の公共施設や清掃センターに設置している回収ボックスに持ち込んでください。（燃やせないごみとして集積所に出すこともできます。）
260,カーテン,燃やすごみ,
261,カーテンレール,粗大ごみ,清掃センターに持ち込むか、収集運搬許可業者に依頼して下さい。
262,カートリッジテープ,燃やすごみ,
263,カード（磁気カード）,燃やすごみ,
264,カーナビ,リサイクル,小型家電回収。一関市や平泉町の公共施設や清掃センターに設置している回収ボックスに持ち込んでください。（燃やせないごみとして集積所に出すこともできます。）
265,カーペット（ホットカーペット以外）,燃やすごみ,
266,カーペットローラー,燃やせないごみ,
267,カーボン紙,燃やすごみ,
268,学習机,粗大ごみ,清掃センターに持ち込むか、収集運搬許可業者に依頼して下さい。
269,額縁（木）ガラス部分除く,燃やすごみ,
270,額縁（木以外）ガラス部分除く,燃やせないごみ,
271,ガステーブル（ガスコンロ）,燃やせないごみ,
272,ガスボンベ（プロパン）,その他,受付しません
273,ガスレンジマット（アルミ製）,燃やせないごみ,
274,ガソリン,その他,受付しません
275,ガソリン携行缶,その他,収集しません。清掃センターに持ち込むか、収集運搬許可業者に依頼して下さい。
276,ガチャガチャの容器（カプセルトイ）,リサイクル,プラスチック製容器包装。プラマークの表示があることを確認して下さい。プラマークの表示がないもの、汚れが取れないものは燃やすごみへ。
277,画びょう（危険ごみ）,燃やせないごみ,
278,ガムテープ（紙・布）,燃やすごみ,
279,画用紙,リサイクル,紙類
280,ガラス（窓ガラス）・ガラスかけら（危険ごみ）,燃やせないごみ,
281,ガラス製容器,燃やせないごみ,
282,ガラスびん,リサイクル,びん。すすいでから出して下さい。油の入ったびんや、汚れが取れないものは燃やせないごみへ。ラベルは、はがさなくても可。
283,がれき,その他,受付しません
284,ガーデンフェンス,粗大ごみ,清掃センターに持ち込むか、収集運搬許可業者に依頼して下さい。
285,ガーデンライト（蛍光管を除く）,燃やせないごみ,
286,木【一関・花泉・平泉の地域】,燃やすごみ,
287,木【大東・千厩・東山・室根・川崎・藤沢の地域】,燃やすごみ,
288,木の根・切り株【一関・花泉・平泉の地域】,その他,収集しません。清掃センターに持ち込むか、収集運搬許可業者に依頼して下さい。
289,木の根・切り株【大東・千厩・東山・室根・川崎・藤沢の地域】,その他,収集しません。清掃センターに持ち込むか、収集運搬許可業者に依頼して下さい。
290,貴金属,燃やせないごみ,
291,キッチンラック,粗大ごみ,清掃センターに持ち込むか、収集運搬許可業者に依頼して下さい。
292,着物【一関・花泉・平泉の地域】,燃やすごみ,
293,着物【大東・千厩・東山・室根・川崎・藤沢の地域】,燃やすごみ,
294,脚立,粗大ごみ,清掃センターに持ち込むか、収集運搬許可業者に依頼して下さい。
295,キャッシュカード,燃やすごみ,
296,キャップ・ふた（プラスチック）,リサイクル,プラスチック製容器包装。プラマークの表示があることを確認して下さい。プラマークの表示がないもの、汚れが取れないものは燃やすごみへ。
297,キャップ・ふた（プラ以外）,燃やせないごみ,
298,キャップ・帽子,燃やすごみ,
299,キャリーバッグ・キャリーケース,燃やせないごみ,
300,吸引機,その他,収集しません。清掃センターに持ち込むか、収集運搬許可業者に依頼して下さい。
301,急須（金属・陶器）,燃やせないごみ,
302,給湯器,粗大ごみ,清掃センターに持ち込むか、収集運搬許可業者に依頼して下さい。
303,給油ポンプ,燃やせないごみ,
304,教科書,リサイクル,紙類
305,鏡台,粗大ごみ,清掃センターに持ち込むか、収集運搬許可業者に依頼して下さい。
306,きり（危険ごみ）,燃やせないごみ,
307,霧吹き,燃やせないごみ,
308,金魚鉢,燃やせないごみ,
309,金庫（耐火性）,その他,受付しません
310,金庫（手提げタイプ）,燃やせないごみ,
311,金属たわし,燃やせないごみ,
312,キーホルダー,燃やせないごみ,
313,キーボード（楽器）,粗大ごみ,清掃センターに持ち込むか、収集運搬許可業者に依頼して下さい。
314,キーボード（パソコン用）,リサイクル,小型家電回収。一関市や平泉町の公共施設や清掃センターに設置している回収ボックスに持ち込んでください。（燃やせないごみとして集積所に出すこともできます。）
315,ギター,燃やせないごみ,
316,牛乳パック,リサイクル,紙類
317,空気入れ,燃やせないごみ,
318,空気清浄機,燃やせないごみ,
319,空気清浄機のフィルター,燃やすごみ,
320,釘（危険ごみ）,燃やせないごみ,
321,草,燃やすごみ,
322,草刈機,粗大ごみ,清掃センターに持ち込むか、収集運搬許可業者に依頼して下さい。
323,草刈機の刃（危険ごみ）,燃やせないごみ,
324,くさり,燃やせないごみ,
325,串（木・竹・プラスチック）,燃やすごみ,
326,くし（整髪用）【一関・花泉・平泉の地域】,燃やせないごみ,
327,くし（整髪用）（金属）【大東・千厩・東山・室根・川崎・藤沢の地域】,燃やせないごみ,
328,くし（整髪用）（金属以外）【大東・千厩・東山・室根・川崎・藤沢の地域】,燃やすごみ,
329,薬（医薬品）の中身,燃やすごみ,
330,薬のびん（劇物・毒物・農薬）,その他,受付しません
331,薬（医薬品）の袋（プラスチック）,リサイクル,プラスチック製容器包装。プラマークの表示があることを確認して下さい。プラマークの表示がないもの、汚れが取れないものは燃やすごみへ。
332,家庭用の薬の容器（ガラス）,リサイクル,びん。すすいでから出して下さい。油の入ったびんや、汚れが取れないものは燃やせないごみへ。ラベルは、はがさなくても可。
333,家庭用の薬の容器（プラスチック）,リサイクル,プラスチック製容器包装。プラマークの表示があることを確認して下さい。プラマークの表示がないもの、汚れが取れないものは燃やすごみへ。
334,果物等のネット袋,リサイクル,プラスチック製容器包装。プラマークの表示があることを確認して下さい。プラマークの表示がないもの、汚れが取れないものは燃やすごみへ。
335,口紅,燃やせないごみ,
336,クッキングカッター,燃やせないごみ,
337,クッキングヒーター,燃やせないごみ,
338,クッション（座布団）【一関・花泉・平泉の地域】,燃やすごみ,
339,クッション（座布団）【大東・千厩・東山・室根・川崎・藤沢の地域】,燃やすごみ,
340,靴・サンダル,燃やすごみ,
341,靴ベラ（木製）,燃やすごみ,
342,靴ベラ（木製以外）,燃やせないごみ,
343,使用後のクラッカー（パーティー用品）,燃やすごみ,
344,クリアファイル,燃やすごみ,
345,クリアファイル（金属あり）,燃やせないごみ,
346,クリスマスツリー,燃やせないごみ,
347,クリップ,燃やせないごみ,
348,クリーニングの透明袋（プラスチック）,燃やすごみ,
349,車椅子,粗大ごみ,清掃センターに持ち込むか、収集運搬許可業者に依頼して下さい。
350,クレジットカード,燃やすごみ,
351,クレヨン,燃やすごみ,
352,クレンザーの容器,燃やすごみ,
353,くわ,燃やせないごみ,
354,クーラー,その他,家電リサイクル法対象機器です。受付しません。分解しても収集できません。
355,クーラーボックス,燃やせないごみ,
356,グラス,燃やせないごみ,
357,グローブ,燃やすごみ,
358,グローランプ・点灯管,燃やせないごみ,
359,軍手,燃やすごみ,
360,蛍光管・蛍光灯,その他,蛍光管
361,蛍光ペン,燃やせないごみ,
362,珪藻土マット,燃やせないごみ,
363,携帯電話,リサイクル,小型家電回収。一関市や平泉町の公共施設や清掃センターに設置している回収ボックスに持ち込んでください。（燃やせないごみとして集積所に出すこともできます。）
364,携帯ポーチ,燃やせないごみ,
365,計量カップ,燃やせないごみ,
366,消しゴム,燃やすごみ,
367,化粧品の容器（ガス充てんスプレー以外）（プラ）,リサイクル,プラスチック製容器包装。プラマークの表示があることを確認して下さい。プラマークの表示がないもの、汚れが取れないものは燃やすごみへ。
368,化粧品の容器（ガラス）,リサイクル,びん。すすいでから出して下さい。油の入ったびんや、汚れが取れないものは燃やせないごみへ。ラベルは、はがさなくても可。
369,化粧品の容器【ガス充てんスプレー】【一関・花泉・平泉の地域】,リサイクル,
370,化粧品の容器【ガス充てんスプレー】（プラ）【大東・千厩・東山・室根・川崎・藤沢の地域】,燃やせないごみ,
371,毛染めスプレー（ヘアカラー）【一関・花泉・平泉の地域】,リサイクル,
372,毛染めスプレー（ヘアカラー）【大東・千厩・東山・室根・川崎・藤沢の地域】,燃やせないごみ,
373,ケチャップの容器（プラスチック）,燃やすごみ,
374,血圧計（水銀式）,その他,収集しません。清掃センターに持ち込むか、収集運搬許可業者に依頼して下さい。
375,血圧計（デジタル式）,リサイクル,小型家電回収。一関市や平泉町の公共施設や清掃センターに設置している回収ボックスに持ち込んでください。（燃やせないごみとして集積所に出すこともできます。）
376,ケーブル（電源）,リサイクル,小型家電回収。一関市や平泉町の公共施設や清掃センターに設置している回収ボックスに持ち込んでください。（燃やせないごみとして集積所に出すこともできます。）
377,劇薬・農薬類,その他,受付しません
378,下駄,燃やすごみ,
379,下駄箱,粗大ごみ,清掃センターに持ち込むか、収集運搬許可業者に依頼して下さい。
380,玄関マット（金具付・プラスチック）,燃やせないごみ,
381,玄関マット（じゅうたん・ぬの）,燃やすごみ,
382,原動機付自転車,粗大ごみ,清掃センターに持ち込むか、収集運搬許可業者に依頼して下さい。
383,ゲーム機・コントローラー・ゲームソフト（ディスク除く）,リサイクル,小型家電回収。一関市や平泉町の公共施設や清掃センターに設置している回収ボックスに持ち込んでください。（燃やせないごみとして集積所に出すこともできます。）
384,鯉のぼり,燃やすごみ,
385,コイル,その他,受付しません
386,工具・工具箱,燃やせないごみ,
387,抗原検査キット,燃やすごみ,
388,広告紙（新聞の折り込みチラシ）,リサイクル,紙類
389,氷まくら,燃やすごみ,
390,小型充電式電池,その他,受付しません
391,固形食用油,燃やすごみ,
392,固形燃料,燃やすごみ,
393,こたつ布団,燃やすごみ,
394,こたつ・こたつ板,粗大ごみ,清掃センターに持ち込むか、収集運搬許可業者に依頼して下さい。
395,コップ（ガラス・陶器・金属）,燃やせないごみ,
396,コップ（プラスチック・紙）,燃やすごみ,
397,コップ洗いブラシ,燃やせないごみ,
398,コピー用紙,リサイクル,紙類
399,米びつ,燃やせないごみ,
400,米袋,燃やすごみ,
401,コルク,燃やすごみ,
402,コルク抜き,燃やせないごみ,
403,コンクリート,その他,受付しません
404,コンクリートブロック,その他,受付しません
405,コンドーム,燃やすごみ,
406,コンパス,燃やせないごみ,
407,コンパネ,粗大ごみ,清掃センターに持ち込むか、収集運搬許可業者に依頼して下さい。
408,コンポ（オーディオ・スピーカー）,燃やせないごみ,
409,コンロ,燃やせないごみ,
410,コーティング紙,燃やすごみ,
411,コート（衣類）【一関・花泉・平泉の地域】,燃やすごみ,
412,コート（衣類）【大東・千厩・東山・室根・川崎・藤沢の地域】,燃やすごみ,
413,コード（電気コード）,燃やせないごみ,
414,コードリール,燃やせないごみ,
415,コードレスドライバー（家庭用）,燃やせないごみ,
416,インスタントコーヒーのびん,リサイクル,びん。すすいでから出して下さい。油の入ったびんや、汚れが取れないものは燃やせないごみへ。ラベルは、はがさなくても可。
417,コーヒーメーカー,燃やせないごみ,
418,碁石（プラスチックのみ）,燃やせないごみ,
419,ござ,燃やすごみ,
420,ごみ取りネット,燃やすごみ,
421,ごみの分け方・出し方テキスト,燃やすごみ,
422,ごみ箱（木・紙・竹）,燃やすごみ,
423,ごみ箱（木・紙・竹以外）,燃やせないごみ,
424,ゴム手袋,燃やすごみ,
425,ゴムホース,燃やすごみ,
426,ゴムマット（車の泥除けマット）,粗大ごみ,清掃センターに持ち込むか、収集運搬許可業者に依頼して下さい。
427,ゴルフクラブ,粗大ごみ,清掃センターに持ち込むか、収集運搬許可業者に依頼して下さい。
428,ゴルフバッグ,粗大ごみ,清掃センターに持ち込むか、収集運搬許可業者に依頼して下さい。
429,ゴルフボール,燃やせないごみ,
430,ゴーグル,燃やせないごみ,
431,サイクリングマシーン,粗大ごみ,清掃センターに持ち込むか、収集運搬許可業者に依頼して下さい。
432,サイドボード,粗大ごみ,清掃センターに持ち込むか、収集運搬許可業者に依頼して下さい。
433,財布,燃やすごみ,
434,作業服【一関・花泉・平泉の地域】,燃やすごみ,
435,作業服【大東・千厩・東山・室根・川崎・藤沢の地域】,燃やすごみ,
436,酒の容器（ペットボトル）,リサイクル,ペットボトル
437,酒の容器（プラスチック）,リサイクル,プラスチック製容器包装。プラマークの表示があることを確認して下さい。プラマークの表示がないもの、汚れが取れないものは燃やすごみへ。
438,酒の容器（紙）,リサイクル,紙類
439,酒の容器（びん）,リサイクル,びん。すすいでから出して下さい。油の入ったびんや、汚れが取れないものは燃やせないごみへ。ラベルは、はがさなくても可。
440,サッカーボール,燃やせないごみ,
441,殺虫剤のスプレー缶【一関・花泉・平泉の地域】,リサイクル,
442,殺虫剤のスプレー缶【大東・千厩・東山・室根・川崎・藤沢の地域】,燃やせないごみ,
443,殺虫剤（うじ殺し）,燃やせないごみ,
444,皿（器）使い捨てタイプ,燃やすごみ,
445,皿（器）使い捨て以外,燃やせないごみ,
446,サラダ油,燃やすごみ,
447,サラダ油の容器（金属）,燃やせないごみ,
448,サラダ油の容器（プラスチック）,燃やすごみ,
449,三角コーナー（キッチン用品）,燃やせないごみ,
450,三脚,燃やせないごみ,
451,サングラス,燃やせないごみ,
452,サンダル・靴,燃やすごみ,
453,サンドペーパー（紙やすり）,燃やすごみ,
454,サンバイザー,燃やすごみ,
455,三輪車,燃やせないごみ,
456,座椅子,燃やせないごみ,
457,座卓,粗大ごみ,清掃センターに持ち込むか、収集運搬許可業者に依頼して下さい。
458,雑誌,リサイクル,紙類
459,座布団,燃やすごみ,
460,ザル・ボウル（調理用具）,燃やせないごみ,
461,残飯,燃やすごみ,
462,シェーバー・ひげ剃り（電動）,燃やせないごみ,
463,しちりん（七輪）,燃やせないごみ,
464,芝刈機,粗大ごみ,清掃センターに持ち込むか、収集運搬許可業者に依頼して下さい。
465,写真（ネガフィルムを含む）,燃やすごみ,
466,シャンデリア（蛍光灯・電球除く）,燃やせないごみ,
467,シャンプーの容器（プラスチック・ボトル）,リサイクル,プラスチック製容器包装。プラマークの表示があることを確認して下さい。プラマークの表示がないもの、汚れが取れないものは燃やすごみへ。
468,シャープペンシル,燃やせないごみ,
469,収納ボックス,粗大ごみ,清掃センターに持ち込むか、収集運搬許可業者に依頼して下さい。
470,シュレッターくず,燃やすごみ,
471,消火器,その他,受付しません
472,消臭スプレー（プラスチック・ボトル）,リサイクル,プラスチック製容器包装。プラマークの表示があることを確認して下さい。プラマークの表示がないもの、汚れが取れないものは燃やすごみへ。
473,消臭スプレー（スプレー缶）【一関・花泉・平泉の地域】,リサイクル,
474,消臭スプレー（スプレー缶）【大東・千厩・東山・室根・川崎・藤沢の地域】,燃やせないごみ,
475,障子,粗大ごみ,清掃センターに持ち込むか、収集運搬許可業者に依頼して下さい。
476,照明器具（蛍光灯・電球・電池除く）,燃やせないごみ,
477,しょうゆの容器（ガラス）,リサイクル,びん。すすいでから出して下さい。油の入ったびんや、汚れが取れないものは燃やせないごみへ。ラベルは、はがさなくても可。
478,しょうゆの容器（ペットボトル）,リサイクル,ペットボトル
479,食卓テーブル,粗大ごみ,清掃センターに持ち込むか、収集運搬許可業者に依頼して下さい。
480,食品トレイ【一関・花泉・平泉の地域】,リサイクル,発泡スチロール・食品トレイとして集めます
481,食品トレイ（白色）【大東・千厩・東山・室根・川崎・藤沢の地域】,リサイクル,白色食品用トレイを専用に集めます
482,食品トレイ（白以外）【大東・千厩・東山・室根・川崎・藤沢の地域】,リサイクル,プラスチック製容器包装。プラマークの表示があることを確認して下さい。プラマークの表示がないもの、汚れが取れないものは燃やすごみへ。
483,食用油,燃やすごみ,
484,食用油の容器（金属）,燃やせないごみ,
485,食用油の容器（ガラス）,燃やせないごみ,
486,食用油の容器（プラスチック）,燃やすごみ,
487,書棚,粗大ごみ,清掃センターに持ち込むか、収集運搬許可業者に依頼して下さい。
488,食器洗い乾燥機,粗大ごみ,清掃センターに持ち込むか、収集運搬許可業者に依頼して下さい。
489,食器棚,粗大ごみ,清掃センターに持ち込むか、収集運搬許可業者に依頼して下さい。
490,シリカゲル（乾燥剤）,燃やすごみ,
491,シルバーカー（手押し車）,粗大ごみ,清掃センターに持ち込むか、収集運搬許可業者に依頼して下さい。
492,シンナー類,その他,受付しません
493,新聞紙,リサイクル,紙類
494,シーツ,燃やすごみ,
495,CD（コンパクトディスク）,燃やせないごみ,
496,シール,燃やすごみ,
497,磁気マットレス,粗大ごみ,清掃センターに持ち込むか、収集運搬許可業者に依頼して下さい。
498,磁石,燃やせないごみ,
499,辞書・辞典,リサイクル,紙類
500,自転車,粗大ごみ,清掃センターに持ち込むか、収集運搬許可業者に依頼して下さい。
501,蛇口,燃やせないごみ,
502,ジャッキ（パンタグラフ）（油圧×）,燃やせないごみ,
503,ジャムの容器（ガラス）,リサイクル,びん。すすいでから出して下さい。油の入ったびんや、汚れが取れないものは燃やせないごみへ。ラベルは、はがさなくても可。
504,ジャムの容器（プラスチック）,リサイクル,プラスチック製容器包装。プラマークの表示があることを確認して下さい。プラマークの表示がないもの、汚れが取れないものは燃やすごみへ。
505,ジャムの容器（紙）,燃やすごみ,
506,じゅうたん,燃やすごみ,
507,充電器,リサイクル,小型家電回収。一関市や平泉町の公共施設や清掃センターに設置している回収ボックスに持ち込んでください。（燃やせないごみとして集積所に出すこともできます。）
508,充電式電池,その他,受付しません
509,ジュニアシート,燃やせないごみ,
510,ジューサー・ミキサー,燃やせないごみ,
511,定規（木製）,燃やすごみ,
512,定規（木製以外）,燃やせないごみ,
513,浄水器,燃やせないごみ,
514,じょうろ,燃やせないごみ,
515,除湿機,その他,収集しません。清掃センターに持ち込むか、収集運搬許可業者に依頼して下さい。
516,除湿剤（中身・紙）,燃やすごみ,
517,除湿剤（プラスチック）,燃やせないごみ,
518,除草剤の容器（プラスチック）,リサイクル,プラスチック製容器包装。プラマークの表示があることを確認して下さい。プラマークの表示がないもの、汚れが取れないものは燃やすごみへ。
519,人工芝（家庭で使ったもの）,燃やせないごみ,
520,水銀体温計,その他,収集しません。清掃センターに持ち込むか、収集運搬許可業者に依頼して下さい。
521,水槽,燃やせないごみ,
522,水中ポンプ（家庭用）,その他,収集しません。清掃センターに持ち込むか、収集運搬許可業者に依頼して下さい。
523,水中めがね,燃やせないごみ,
524,水筒,燃やせないごみ,
525,炊飯器,燃やせないごみ,
526,隙間テープ,燃やすごみ,
527,スキャナー,燃やせないごみ,
528,スキー板,粗大ごみ,清掃センターに持ち込むか、収集運搬許可業者に依頼して下さい。
529,スキーウエア【一関・花泉・平泉の地域】,燃やすごみ,
530,スキーウエア【大東・千厩・東山・室根・川崎・藤沢の地域】,燃やすごみ,
531,スキー靴,燃やせないごみ,
532,スキーストック,粗大ごみ,清掃センターに持ち込むか、収集運搬許可業者に依頼して下さい。
533,スケート靴,燃やせないごみ,
534,スケートボード,粗大ごみ,清掃センターに持ち込むか、収集運搬許可業者に依頼して下さい。
535,スコップ,粗大ごみ,清掃センターに持ち込むか、収集運搬許可業者に依頼して下さい。
536,すずり,燃やせないごみ,
537,スタンプ台,燃やせないごみ,
538,すだれ（よしず）【一関・花泉・平泉の地域】,燃やすごみ,
539,すだれ（よしず）【大東・千厩・東山・室根・川崎・藤沢の地域】,燃やすごみ,
540,スチール棚,粗大ごみ,清掃センターに持ち込むか、収集運搬許可業者に依頼して下さい。
541,スティックのり,燃やすごみ,
542,ステレオ,燃やせないごみ,
543,ストロー,燃やすごみ,
544,ストーブ（灯油、電池除く）,燃やせないごみ,
545,ストーブガード,燃やせないごみ,
546,砂,その他,受付しません
547,スニーカー,燃やすごみ,
548,すのこ（木）,燃やすごみ,
549,すのこ（木以外）,燃やせないごみ,
550,スノーダンプ（雪かき）,粗大ごみ,清掃センターに持ち込むか、収集運搬許可業者に依頼して下さい。
551,スノーボード,粗大ごみ,清掃センターに持ち込むか、収集運搬許可業者に依頼して下さい。
552,スパイクシューズ,燃やすごみ,
553,スプリング入りマット・スプリング入りソファー,その他,受付しません
554,スプレー缶【一関・花泉・平泉の地域】,リサイクル,
555,スプレー缶【大東・千厩・東山・室根・川崎・藤沢の地域】,燃やせないごみ,
556,スプーン・フォーク（金属）,燃やせないごみ,
557,スプーン・フォーク（金属以外）,燃やすごみ,
558,スポンジ,燃やすごみ,
559,炭,燃やすごみ,
560,スライサー（危険ごみ）,燃やせないごみ,
561,スリッパ,燃やすごみ,
562,すり鉢,燃やせないごみ,
563,スーツケース,燃やせないごみ,
564,図鑑,リサイクル,紙類
565,整髪料（スプレー以外）金属,燃やせないごみ,
566,整髪料（スプレー以外）プラスチック,リサイクル,プラスチック製容器包装。プラマークの表示があることを確認して下さい。プラマークの表示がないもの、汚れが取れないものは燃やすごみへ。
567,整髪料（スプレー以外）びん,リサイクル,びん。すすいでから出して下さい。油の入ったびんや、汚れが取れないものは燃やせないごみへ。ラベルは、はがさなくても可。
568,整髪料（ガス充てんスプレー）【一関・花泉・平泉の地域】,リサイクル,
569,整髪料（ガス充てんスプレー）【大東・千厩・東山・室根・川崎・藤沢の地域】,燃やせないごみ,
570,製氷皿（プラスチック）,燃やせないごみ,
571,石油ストーブ・石油ファンヒーター,燃やせないごみ,
572,石けん,燃やすごみ,
573,接着剤の容器,燃やすごみ,
574,瀬戸物,燃やせないごみ,
575,セメント,その他,受付しません
576,洗剤の容器（プラスチック）,リサイクル,プラスチック製容器包装。プラマークの表示があることを確認して下さい。プラマークの表示がないもの、汚れが取れないものは燃やすごみへ。
577,洗剤の容器（紙）,燃やすごみ,
578,洗剤の容器（プラスチック・紙以外）,燃やせないごみ,
579,洗車ブラシ,燃やせないごみ,
580,洗濯機,その他,家電リサイクル法対象機器です。受付しません。分解しても収集できません。
581,洗濯ネット,燃やすごみ,
582,洗濯バサミ,燃やせないごみ,
583,剪定バサミ（危険ごみ）,燃やせないごみ,
584,栓抜き,燃やせないごみ,
585,扇風機,燃やせないごみ,
586,洗面器,燃やせないごみ,
587,洗面台,粗大ごみ,清掃センターに持ち込むか、収集運搬許可業者に依頼して下さい。
588,双眼鏡,燃やせないごみ,
589,掃除機,燃やせないごみ,
590,掃除機用ごみパック,燃やすごみ,
591,ソファー（スプリングなし）,粗大ごみ,清掃センターに持ち込むか、収集運搬許可業者に依頼して下さい。
592,ソファー（スプリングあり）,その他,受付しません
593,そり,燃やせないごみ,
594,造花,燃やせないごみ,
595,体温計（電子体温計）,リサイクル,小型家電回収。一関市や平泉町の公共施設や清掃センターに設置している回収ボックスに持ち込んでください。（燃やせないごみとして集積所に出すこともできます。）
596,体重計・体脂肪計（電子以外）,燃やせないごみ,
597,体重計・体脂肪計（電子）,リサイクル,小型家電回収。一関市や平泉町の公共施設や清掃センターに設置している回収ボックスに持ち込んでください。（燃やせないごみとして集積所に出すこともできます。）
598,タイプライター,燃やせないごみ,
599,タイヤ・ホイール（普通乗用車以下）,その他,収集しません。清掃センターに持ち込むか、収集運搬許可業者に依頼して下さい。
600,タイヤ・ホイール（普通乗用車より大きいもの）,その他,受付しません
601,タイヤ・ホイール（バイク排気量50ccより大きいもの）,その他,受付しません
602,タイヤ・ホイール（バイク排気量50cc以下）,その他,収集しません。清掃センターに持ち込むか、収集運搬許可業者に依頼して下さい。
603,タイヤチェーン（普通乗用車以下）【一関・花泉・平泉の地域】,その他,収集しません。清掃センターに持ち込むか、収集運搬許可業者に依頼して下さい。
604,タイヤチェーン（普通乗用車以下）【大東・千厩・東山・室根・川崎・藤沢の地域】,燃やせないごみ,
605,タイヤチェーン（普通乗用車より大きいもの）,その他,受付しません
606,太陽光パネル,その他,受付しません
607,タオルケット,燃やすごみ,
608,卓上コンロ,リサイクル,小型家電回収。一関市や平泉町の公共施設や清掃センターに設置している回収ボックスに持ち込んでください。（燃やせないごみとして集積所に出すこともできます。）
609,竹ぼうき【一関・花泉・平泉の地域】,燃やすごみ,
610,竹ぼうき【大東・千厩・東山・室根・川崎・藤沢の地域】,燃やすごみ,
611,畳,粗大ごみ,清掃センターに持ち込むか、収集運搬許可業者に依頼して下さい。
612,タッパー,燃やせないごみ,
613,建具（アルミサッシ、ガラス戸を除く）,粗大ごみ,清掃センターに持ち込むか、収集運搬許可業者に依頼して下さい。
614,タブレット端末（電子書籍端末）,リサイクル,小型家電回収。一関市や平泉町の公共施設や清掃センターに設置している回収ボックスに持ち込んでください。（燃やせないごみとして集積所に出すこともできます。）
615,卵パック（プラスチック）,リサイクル,プラスチック製容器包装。プラマークの表示があることを確認して下さい。プラマークの表示がないもの、汚れが取れないものは燃やすごみへ。
616,卵パック（紙）,燃やすごみ,
617,たらい,粗大ごみ,清掃センターに持ち込むか、収集運搬許可業者に依頼して下さい。
618,たわし,燃やせないごみ,
619,たんす,粗大ごみ,清掃センターに持ち込むか、収集運搬許可業者に依頼して下さい。
620,台所マット,燃やすごみ,
621,脱脂綿,燃やすごみ,
622,脱臭剤（プラスチック）【一関・花泉・平泉の地域】,リサイクル,プラスチック製容器包装。プラマークの表示があることを確認して下さい。プラマークの表示がないもの、汚れが取れないものは燃やすごみへ。
623,脱臭剤（プラスチック）【大東・千厩・東山・室根・川崎・藤沢の地域】,リサイクル,プラスチック製容器包装。プラマークの表示があることを確認して下さい。プラマークの表示がないもの、汚れが取れないものは燃やすごみへ。
624,脱臭剤（スプレー缶）【一関・花泉・平泉の地域】,リサイクル,
625,脱臭剤（スプレー缶）【大東・千厩・東山・室根・川崎・藤沢の地域】,燃やせないごみ,
626,断熱材,その他,受付しません
627,断熱材（グラスウール）,その他,受付しません
628,断熱材（フォーム材）,その他,収集しません。清掃センターに持ち込むか、収集運搬許可業者に依頼して下さい。
629,ダンボール,リサイクル,紙類
630,チェーン,燃やせないごみ,
631,チャイルドシート,燃やせないごみ,
632,茶こし,燃やせないごみ,
633,茶だんす,粗大ごみ,清掃センターに持ち込むか、収集運搬許可業者に依頼して下さい。
634,茶筒（木）,燃やすごみ,
635,茶筒（木以外）,燃やせないごみ,
636,茶箱,粗大ごみ,清掃センターに持ち込むか、収集運搬許可業者に依頼して下さい。
637,茶碗（木）,燃やすごみ,
638,茶碗（木以外）,燃やせないごみ,
639,中華鍋,燃やせないごみ,
640,注射器（針なし）在宅医療廃棄物,燃やすごみ,
641,注射器（針あり）在宅医療廃棄物,その他,受付しません
642,チューナー,リサイクル,小型家電回収。一関市や平泉町の公共施設や清掃センターに設置している回収ボックスに持ち込んでください。（燃やせないごみとして集積所に出すこともできます。）
643,チューブ（食品が入っていたもの）,燃やすごみ,
644,彫刻刀（危険ごみ）,燃やせないごみ,
645,調味料の容器（ガラス）,リサイクル,びん。すすいでから出して下さい。油の入ったびんや、汚れが取れないものは燃やせないごみへ。ラベルは、はがさなくても可。
646,調味料の容器（プラスチック）きれいなもの,リサイクル,プラスチック製容器包装。プラマークの表示があることを確認して下さい。プラマークの表示がないもの、汚れが取れないものは燃やすごみへ。
647,調味料の容器（プラスチック）きたないもの,燃やすごみ,
648,調味料の容器（プラスチック）リサイクルマーク入,リサイクル,ペットボトル
649,ちりとり,燃やせないごみ,
650,杖（木・竹）,燃やすごみ,
651,杖（木・竹以外）,燃やせないごみ,
652,使い捨てカイロ,燃やすごみ,
653,使い捨てカメラ,燃やせないごみ,
654,机,粗大ごみ,清掃センターに持ち込むか、収集運搬許可業者に依頼して下さい。
655,漬物石,その他,受付しません
656,漬物樽,燃やせないごみ,
657,つまようじ,燃やすごみ,
658,詰替用パック（プラスチック）,リサイクル,プラスチック製容器包装。プラマークの表示があることを確認して下さい。プラマークの表示がないもの、汚れが取れないものは燃やすごみへ。
659,つめ切り,燃やせないごみ,
660,釣り糸,燃やすごみ,
661,釣り竿,燃やせないごみ,
662,釣り針（危険ごみ）,燃やせないごみ,
663,ティッシュペーパーの箱,リサイクル,紙類
664,鉄塊類,その他,受付しません
665,鉄パイプ,燃やせないごみ,
666,手袋,燃やすごみ,
667,テレビ,その他,家電リサイクル法対象機器です。受付しません。分解しても収集できません。
668,テレビ台,粗大ごみ,清掃センターに持ち込むか、収集運搬許可業者に依頼して下さい。
669,テレホンカード,燃やすごみ,
670,点滴バッグ,燃やすごみ,
671,点滴の針,その他,受付しません
672,テント,粗大ごみ,清掃センターに持ち込むか、収集運搬許可業者に依頼して下さい。
673,天ぷら油,燃やすごみ,
674,天ぷらガード,燃やせないごみ,
675,テーブル・座卓,粗大ごみ,清掃センターに持ち込むか、収集運搬許可業者に依頼して下さい。
676,テーブルクロス,燃やすごみ,
677,テーブルタップ,燃やせないごみ,
678,テープレコーダー,リサイクル,小型家電回収。一関市や平泉町の公共施設や清掃センターに設置している回収ボックスに持ち込んでください。（燃やせないごみとして集積所に出すこともできます。）
679,DVD・ブルーレイディスク,燃やせないごみ,
680,DVDプレイヤー・ブルーレイディスクプレーヤー,リサイクル,小型家電回収。一関市や平泉町の公共施設や清掃センターに設置している回収ボックスに持ち込んでください。（燃やせないごみとして集積所に出すこともできます。）
681,デジタルカメラ,リサイクル,小型家電回収。一関市や平泉町の公共施設や清掃センターに設置している回収ボックスに持ち込んでください。（燃やせないごみとして集積所に出すこともできます。）
682,デジタルビデオカメラ,リサイクル,小型家電回収。一関市や平泉町の公共施設や清掃センターに設置している回収ボックスに持ち込んでください。（燃やせないごみとして集積所に出すこともできます。）
683,デジタル歩数計（万歩計）,リサイクル,小型家電回収。一関市や平泉町の公共施設や清掃センターに設置している回収ボックスに持ち込んでください。（燃やせないごみとして集積所に出すこともできます。）
684,電気カミソリ,燃やせないごみ,
685,電気カーペット,その他,収集しません。清掃センターに持ち込むか、収集運搬許可業者に依頼して下さい。
686,電気コード,リサイクル,小型家電回収。一関市や平泉町の公共施設や清掃センターに設置している回収ボックスに持ち込んでください。（燃やせないごみとして集積所に出すこともできます。）
687,電気スタンド,燃やせないごみ,
688,電気ストーブ,燃やせないごみ,
689,電気ポット,燃やせないごみ,
690,電気毛布,その他,収集しません。清掃センターに持ち込むか、収集運搬許可業者に依頼して下さい。
691,電球,燃やせないごみ,
692,電子血圧計,リサイクル,小型家電回収。一関市や平泉町の公共施設や清掃センターに設置している回収ボックスに持ち込んでください。（燃やせないごみとして集積所に出すこともできます。）
693,電子辞書,リサイクル,小型家電回収。一関市や平泉町の公共施設や清掃センターに設置している回収ボックスに持ち込んでください。（燃やせないごみとして集積所に出すこともできます。）
694,電子たばこ,その他,受付しません
695,電子ピアノ、電子オルガン,粗大ごみ,清掃センターに持ち込むか、収集運搬許可業者に依頼して下さい。
696,電子レンジ,リサイクル,小型家電回収。一関市や平泉町の公共施設や清掃センターに設置している回収ボックスに持ち込んでください。（燃やせないごみとして集積所に出すこともできます。）
697,電卓,リサイクル,小型家電回収。一関市や平泉町の公共施設や清掃センターに設置している回収ボックスに持ち込んでください。（燃やせないごみとして集積所に出すこともできます。）
698,電池（アルカリ・マンガン）,燃やせないごみ,
699,電池（ボタン式・充電式）,その他,受付しません
700,電動車椅子,粗大ごみ,清掃センターに持ち込むか、収集運搬許可業者に依頼して下さい。
701,電動工具,燃やせないごみ,
702,電動歯ブラシ,燃やせないごみ,
703,電話機,リサイクル,小型家電回収。一関市や平泉町の公共施設や清掃センターに設置している回収ボックスに持ち込んでください。（燃やせないごみとして集積所に出すこともできます。）
704,電話帳,リサイクル,紙類
705,砥石（といし）,その他,収集しません。清掃センターに持ち込むか、収集運搬許可業者に依頼して下さい。
706,トイレットペーパーの芯,リサイクル,紙類
707,トイレブラシ,燃やすごみ,
708,トイレマット,燃やすごみ,
709,陶器,燃やせないごみ,
710,投光器,燃やせないごみ,
711,灯油,その他,受付しません
712,灯油用ポリタンク,燃やせないごみ,
713,時計（電子以外）,燃やせないごみ,
714,電子時計・デジタル時計,リサイクル,小型家電回収。一関市や平泉町の公共施設や清掃センターに設置している回収ボックスに持ち込んでください。（燃やせないごみとして集積所に出すこともできます。）
715,トタン板,粗大ごみ,清掃センターに持ち込むか、収集運搬許可業者に依頼して下さい。
716,トナーカートリッジ,燃やせないごみ,
717,トランプ,燃やすごみ,
718,鳥かご,燃やせないごみ,
719,塗料,その他,受付しません
720,塗料の缶,燃やせないごみ,
721,塗料のスプレー缶【一関・花泉・平泉の地域】,リサイクル,
722,塗料のスプレー缶【大東・千厩・東山・室根・川崎・藤沢の地域】,燃やせないごみ,
723,トースター,リサイクル,小型家電回収。一関市や平泉町の公共施設や清掃センターに設置している回収ボックスに持ち込んでください。（燃やせないごみとして集積所に出すこともできます。）
724,ドア,粗大ごみ,清掃センターに持ち込むか、収集運搬許可業者に依頼して下さい。
725,土鍋,燃やせないごみ,
726,ドライヤー,燃やせないごみ,
727,ドラム缶,その他,受付しません
728,ドレッシングの容器（ノンオイル）（ガラス）,リサイクル,びん。すすいでから出して下さい。油の入ったびんや、汚れが取れないものは燃やせないごみへ。ラベルは、はがさなくても可。
729,ドレッシングの容器（ノンオイル）（ペットボトル）,リサイクル,ペットボトル
730,ドレッシングの容器（ノンオイル以外）（ガラス）,燃やせないごみ,
731,ドレッシングの容器（ノンオイル以外）（ペットボトル）,燃やすごみ,
732,ナイフ（危険ごみ）,燃やせないごみ,
733,苗木用のポット（軟プラスチック製）,リサイクル,プラスチック製容器包装。プラマークの表示があることを確認して下さい。プラマークの表示がないもの、汚れが取れないものは燃やすごみへ。
734,苗箱,その他,受付しません
735,長靴,燃やすごみ,
736,流し台,粗大ごみ,清掃センターに持ち込むか、収集運搬許可業者に依頼して下さい。
737,納豆の容器（紙）,燃やすごみ,
738,納豆の容器（プラスチック）,リサイクル,プラスチック製容器包装。プラマークの表示があることを確認して下さい。プラマークの表示がないもの、汚れが取れないものは燃やすごみへ。
739,ナツメ球・常夜灯,燃やせないごみ,
740,鍋,燃やせないごみ,
741,鍋焼きうどんのアルミ容器【一関・花泉・平泉の地域】,燃やすごみ,
742,鍋焼きうどんのアルミ容器【大東・千厩・東山・室根・川崎・藤沢の地域】,燃やせないごみ,
743,生ごみ,燃やすごみ,
744,生ごみ処理機,燃やせないごみ,
745,波板（トタン・ポリカーボネイト）,粗大ごみ,清掃センターに持ち込むか、収集運搬許可業者に依頼して下さい。
746,波トタン,粗大ごみ,清掃センターに持ち込むか、収集運搬許可業者に依頼して下さい。
747,縄,燃やすごみ,
748,ニカド電池,その他,受付しません
749,ニッケル水素電池,その他,受付しません
750,荷造りひも・PPバンド,燃やすごみ,
751,入浴剤,燃やすごみ,
752,入浴剤の缶（金属）,燃やせないごみ,
753,人形,燃やせないごみ,
754,ぬいぐるみ,燃やすごみ,
755,ぬかみそ,燃やすごみ,
756,布,燃やすごみ,
757,塗り薬のチューブ,燃やすごみ,
758,ネクタイ,燃やすごみ,
759,猫の死体,その他,収集しません。清掃センターに持ち込むか、収集運搬許可業者に依頼して下さい。
760,猫・犬のトイレ用砂（高分子ポリマーなど）,燃やすごみ,
761,猫・犬のトイレ用砂（土、砂）,その他,収集しません。清掃センターに持ち込むか、収集運搬許可業者に依頼して下さい。
762,ネジ,燃やせないごみ,
763,ネット(果物を包むもの）,リサイクル,プラスチック製容器包装。プラマークの表示があることを確認して下さい。プラマークの表示がないもの、汚れが取れないものは燃やすごみへ。
764,ネット（水切り用などの製品）,燃やすごみ,
765,寝袋,燃やすごみ,
766,粘土,燃やすごみ,
767,農機具類,その他,受付しません
768,農業用資材,その他,受付しません
769,農業用ビニール,その他,受付しません
770,農薬・劇薬,その他,受付しません
771,のこぎり（危険ごみ）,燃やせないごみ,
772,のみ（危険ごみ）,燃やせないごみ,
773,海苔の缶,リサイクル,
774,ノート・教科書,リサイクル,紙類
775,ノートパソコン,リサイクル,小型家電回収。一関市や平泉町の公共施設や清掃センターに設置している回収ボックスに持ち込んでください。（燃やせないごみとして集積所に出すこともできます。）
776,灰,燃やすごみ,
777,灰皿,燃やせないごみ,
778,廃油（自動車・機械用）,その他,受付しません
779,ハエたたき,燃やせないごみ,
780,はかり（計量器）,燃やせないごみ,
781,ハガキ,リサイクル,紙類
782,はくせい,その他,収集しません。清掃センターに持ち込むか、収集運搬許可業者に依頼して下さい。
783,白熱電球,燃やせないごみ,
784,ハケ,燃やすごみ,
785,はさみ（危険ごみ）,燃やせないごみ,
786,はし,燃やすごみ,
787,はしご,粗大ごみ,清掃センターに持ち込むか、収集運搬許可業者に依頼して下さい。
788,蜂の巣,燃やすごみ,
789,発泡スチロール【一関・花泉・平泉の地域】,リサイクル,発泡スチロール・食品トレイとして集めます
790,発泡スチロール【大東・千厩・東山・室根・川崎・藤沢の地域】,リサイクル,プラスチック製容器包装。プラマークの表示があることを確認して下さい。プラマークの表示がないもの、汚れが取れないものは燃やすごみへ。
791,発煙筒,その他,受付しません
792,発電機,その他,受付しません
793,花火（危険ごみ）,燃やすごみ,
794,歯ブラシ,燃やすごみ,
795,歯磨粉のチューブ,燃やすごみ,
796,刃物類（危険ごみ）,燃やせないごみ,
797,針（危険ごみ）,燃やせないごみ,
798,針金,燃やせないごみ,
799,ハロゲンヒーター,燃やせないごみ,
800,ハロゲンランプ・ハロゲン電球,燃やせないごみ,
801,ハンガー,燃やせないごみ,
802,バイク（排気量50cc以下）,粗大ごみ,清掃センターに持ち込むか、収集運搬許可業者に依頼して下さい。
803,バイク（排気量50ccより大きいもの）,その他,受付しません
804,バイクのタイヤ（排気量50ccより大きいもの）,その他,受付しません
805,バイクのタイヤ（排気量50cc以下）,その他,収集しません。清掃センターに持ち込むか、収集運搬許可業者に依頼して下さい。
806,バインダーファイル（金具外す）,燃やすごみ,
807,バケツ,燃やせないごみ,
808,バスケットボール,燃やせないごみ,
809,バスタオル,燃やすごみ,
810,バスマット,燃やすごみ,
811,バッグ・カバン,燃やせないごみ,
812,バッテリー,その他,受付しません
813,バット（野球用）,粗大ごみ,清掃センターに持ち込むか、収集運搬許可業者に依頼して下さい。
814,バラン,燃やすごみ,
815,バレーボール,燃やせないごみ,
816,バーベキューコンロ,燃やせないごみ,
817,パイプ椅子,燃やせないごみ,
818,パイプハンガー,燃やせないごみ,
819,パイプベッド,粗大ごみ,清掃センターに持ち込むか、収集運搬許可業者に依頼して下さい。
820,パソコン（ディスクトップ型）,その他,収集しません。清掃センターに持ち込むか、収集運搬許可業者に依頼して下さい。
821,パソコンディスプレイ,その他,収集しません。清掃センターに持ち込むか、収集運搬許可業者に依頼して下さい。
822,パソコン用キーボード・マウス,リサイクル,小型家電回収。一関市や平泉町の公共施設や清掃センターに設置している回収ボックスに持ち込んでください。（燃やせないごみとして集積所に出すこともできます。）
823,パソコンラック,粗大ごみ,清掃センターに持ち込むか、収集運搬許可業者に依頼して下さい。
824,パチンコ台・パチスロ台,その他,収集しません。清掃センターに持ち込むか、収集運搬許可業者に依頼して下さい。
825,パネルヒーター（電気式）,燃やせないごみ,
826,パルプモールド（紙成形品）,燃やすごみ,
827,パンチ（穴開け）,燃やせないごみ,
828,火バサミ・火箸・火鉢,燃やせないごみ,
829,ひも,燃やすごみ,
830,肥料袋（家庭園芸用）,燃やすごみ,
831,肥料袋（農業用）,その他,受付しません
832,ビデオテープ,燃やすごみ,
833,ビデオデッキ,リサイクル,小型家電回収。一関市や平泉町の公共施設や清掃センターに設置している回収ボックスに持ち込んでください。（燃やせないごみとして集積所に出すこともできます。）
834,ビニールシート,燃やすごみ,
835,ビニールテープ,燃やすごみ,
836,びん,リサイクル,びん。すすいでから出して下さい。油の入ったびんや、汚れが取れないものは燃やせないごみへ。ラベルは、はがさなくても可。
837,空きびんの蓋・キャップ,燃やせないごみ,
838,空きびんの蓋・キャップ（プラスチック）,リサイクル,プラスチック製容器包装。プラマークの表示があることを確認して下さい。プラマークの表示がないもの、汚れが取れないものは燃やすごみへ。
839,ビーチパラソル,粗大ごみ,清掃センターに持ち込むか、収集運搬許可業者に依頼して下さい。
840,ビールビン,リサイクル,びん。すすいでから出して下さい。油の入ったびんや、汚れが取れないものは燃やせないごみへ。ラベルは、はがさなくても可。
841,ピアニカ,燃やせないごみ,
842,ピアノ,その他,受付しません
843,PHS,リサイクル,小型家電回収。一関市や平泉町の公共施設や清掃センターに設置している回収ボックスに持ち込んでください。（燃やせないごみとして集積所に出すこともできます。）
844,PPバンド・荷造りひも,燃やすごみ,
845,ファイル（紙・プラスチック）,燃やすごみ,
846,ファイル（金具あり）,燃やせないごみ,
847,ファックス,リサイクル,小型家電回収。一関市や平泉町の公共施設や清掃センターに設置している回収ボックスに持ち込んでください。（燃やせないごみとして集積所に出すこともできます。）
848,ファックス用紙（感熱紙）,燃やすごみ,
849,ファンヒーター,燃やせないごみ,
850,フィルム,燃やすごみ,
851,封筒,リサイクル,紙類
852,フォーク・スプーン（金属）,燃やせないごみ,
853,フォーク・スプーン（金属以外）,燃やすごみ,
854,ふすま,粗大ごみ,清掃センターに持ち込むか、収集運搬許可業者に依頼して下さい。
855,筆,燃やすごみ,
856,筆入れ（ペンケース）,燃やせないごみ,
857,ふとん,粗大ごみ,清掃センターに持ち込むか、収集運搬許可業者に依頼して下さい。
858,ふとんカバー,燃やすごみ,
859,ふとん乾燥機,燃やせないごみ,
860,フライパン,燃やせないごみ,
861,フラワースタンド,粗大ごみ,清掃センターに持ち込むか、収集運搬許可業者に依頼して下さい。
862,フロアマット,燃やすごみ,
863,風呂釜・浴槽,粗大ごみ,清掃センターに持ち込むか、収集運搬許可業者に依頼して下さい。
864,フロッピーディスク,燃やせないごみ,
865,風呂のふた,粗大ごみ,清掃センターに持ち込むか、収集運搬許可業者に依頼して下さい。
866,噴霧器（家庭用）,燃やせないごみ,
867,フードパック（食品の容器）（プラスチック）,リサイクル,プラスチック製容器包装。プラマークの表示があることを確認して下さい。プラマークの表示がないもの、汚れが取れないものは燃やすごみへ。
868,フードパック（食品の容器）（紙）,リサイクル,紙類
869,仏壇,粗大ごみ,清掃センターに持ち込むか、収集運搬許可業者に依頼して下さい。
870,ブルーシート,燃やすごみ,
871,ブロック（コンクリート）,その他,受付しません
872,ぶんちん,燃やせないごみ,
873,ブーツ,燃やすごみ,
874,プラモデル,燃やせないごみ,
875,プランター,燃やせないごみ,
876,プリンター,燃やせないごみ,
877,ヘアピン,燃やせないごみ,
878,ヘアースプレー【一関・花泉・平泉の地域】,リサイクル,
879,ヘアースプレー【大東・千厩・東山・室根・川崎・藤沢の地域】,燃やせないごみ,
880,ヘアーブラシ,燃やせないごみ,
881,ヘッドホン,リサイクル,小型家電回収。一関市や平泉町の公共施設や清掃センターに設置している回収ボックスに持ち込んでください。（燃やせないごみとして集積所に出すこともできます。）
882,ヘルメット,燃やせないごみ,
883,ベッド（ベッドマット除く）,粗大ごみ,清掃センターに持ち込むか、収集運搬許可業者に依頼して下さい。
884,ベッドマット,粗大ごみ,清掃センターに持ち込むか、収集運搬許可業者に依頼して下さい。
885,ベッドマット（スプリング入り）,その他,受付しません
886,ベビーカー,粗大ごみ,清掃センターに持ち込むか、収集運搬許可業者に依頼して下さい。
887,ベルト（衣類）,燃やせないごみ,
888,便器・便座,燃やせないごみ,
889,弁当の容器（コンビニ弁当など）,リサイクル,プラスチック製容器包装。プラマークの表示があることを確認して下さい。プラマークの表示がないもの、汚れが取れないものは燃やすごみへ。
890,弁当箱,燃やせないごみ,
891,ペットの死体,その他,収集しません。清掃センターに持ち込むか、収集運搬許可業者に依頼して下さい。
892,ペットのふん,燃やすごみ,
893,ペットボトル,リサイクル,ペットボトル
894,ペットボトルのキャップ・ラベル,リサイクル,プラスチック製容器包装。プラマークの表示があることを確認して下さい。プラマークの表示がないもの、汚れが取れないものは燃やすごみへ。
895,ペンキ,その他,受付しません
896,ペン類,燃やせないごみ,
897,ほうき（竹・い草・木）,燃やすごみ,
898,ほうき（竹・い草・木以外）,燃やせないごみ,
899,芳香剤の容器（布・紙）,燃やすごみ,
900,芳香剤の容器（布・紙以外）,燃やせないごみ,
901,包装紙,リサイクル,紙類
902,包丁（危険ごみ）,燃やせないごみ,
903,ほうろう製品（ホーロー鍋など）,燃やせないごみ,
904,保温シート,燃やすごみ,
905,ホチキス,燃やせないごみ,
906,ホットカーペット,その他,収集しません。清掃センターに持ち込むか、収集運搬許可業者に依頼して下さい。
907,ホットプレート,リサイクル,小型家電回収。一関市や平泉町の公共施設や清掃センターに設置している回収ボックスに持ち込んでください。（燃やせないごみとして集積所に出すこともできます。）
908,ほ乳びん,燃やせないごみ,
909,保冷剤,燃やすごみ,
910,本,リサイクル,紙類
911,本立て（ブックエンド）,燃やせないごみ,
912,ホース,燃やすごみ,
913,ホースリール,燃やせないごみ,
914,ホームタンク（200